<?xml version="1.0" encoding="UTF-8"?>
<project-private xmlns="http://www.netbeans.org/ns/project-private/1">
    <data xmlns="http://www.netbeans.org/ns/make-project-private/1">
        <activeConfTypeElem>1</activeConfTypeElem>
        <activeConfIndexElem>0</activeConfIndexElem>
    </data>
    <editor-bookmarks xmlns="http://www.netbeans.org/ns/editor-bookmarks/2" lastBookmarkId="0"/>
    <open-files xmlns="http://www.netbeans.org/ns/projectui-open-files/2">
        <group>
            <file>file:/D:/cpp/Github/ShifengSong_CSC5_CIS5_Summer2017/Assignment_6/Assignment_5_Menu/Gaddis_8thEd_Chap8_Prob2_Lottery%20Winners/main.cpp</file>
        </group>
    </open-files>
</project-private>
